Transaction ID,amount,transactionType,sender_directMatchWithSDN,sender_terroristAffiliation,sender_highRiskCountry,Sender Can be Copied,sender_secondarySanctionsRisk,sender_sectoralSanctions,sender_FATFListCountryStatus,receiver_directMatchWithSDN,receiver_terroristAffiliation,receiver_highRiskCountry,Receiver Can be Copied,receiver_secondarySanctionsRisk,receiver_sectoralSanctions,receiver_FATFListCountryStatus,sender_antiMoneyLaundering,recentLawsuits,receiver_antiMoneyLaundering,senderCountry,receiverCountry,any fraudReporting,financialStability,risk_score
TXN1000,15895,ACH,0,0,0,No,0,0,None,0,0,0,Yes,0,0,None,9.12,0,No,Unknown,Unknown,0,0.8800000000000008,16.025303110173958
TXN1001,960,Check,0,0,0,No,0,0,None,0,0,0,No,0,0,None,9.46,0,No,Unknown,Unknown,0,0.5399999999999991,16.62273765594799
TXN1002,76920,ACH,0,0,0,No,0,0,None,0,0,0,Yes,0,0,None,2.45,0,No,Unknown,Unknown,0,7.55,4.305043050430505
TXN1003,54986,Crypto,0,0,0,Yes,0,0,None,0,0,0,No,0,0,Grey,1.32,1,No,Unknown,Unknown,0,8.68,19.89105605341768
TXN1004,6365,Crypto,0,0,0,Yes,0,0,None,0,0,0,No,0,0,None,3.02,0,No,Unknown,Unknown,0,6.98,5.3066244948163765
TXN1005,82486,Check,0,0,0,No,0,0,Grey,0,0,0,Yes,0,0,None,8.95,0,No,Unknown,Unknown,0,1.0500000000000007,15.726585837286944
TXN1006,37294,ACH,0,0,1,No,0,1,Grey,0,0,0,Yes,0,0,None,9.72,0,No,Unknown,Unknown,0,0.27999999999999936,43.437005798629414
TXN1007,87598,Wire Transfer,0,0,0,Yes,0,0,Black,0,0,0,Yes,0,0,None,8.59,1,No,Unknown,Unknown,0,1.4100000000000001,32.66561237040942
TXN1008,44231,Check,0,0,0,No,0,1,None,0,0,0,Yes,0,0,None,1.1,0,No,Unknown,Unknown,0,8.9,10.718678615357582
TXN1009,60363,Crypto,0,0,0,Yes,0,0,None,0,0,1,No,0,0,Black,9.47,0,No,Unknown,Unknown,0,0.5299999999999994,34.21191354770691
TXN1010,16123,Crypto,0,0,0,No,0,0,None,0,0,1,Yes,0,0,Grey,4.23,0,No,Unknown,Unknown,0,5.77,25.00439290107187
TXN1011,41190,Check,0,0,0,Yes,0,0,None,0,0,0,Yes,0,0,None,0.09,0,No,Unknown,Unknown,0,9.91,0.158144438587243
TXN1012,67321,ACH,0,0,0,No,0,0,None,0,0,0,No,0,0,None,4.42,0,No,Unknown,Unknown,0,5.58,7.766649095062379
TXN1013,64920,Crypto,0,0,0,No,0,0,None,0,0,0,No,0,0,Grey,0.46,1,No,Unknown,Unknown,0,9.54,18.379898084695135
TXN1014,869,ACH,0,0,0,Yes,0,0,Grey,0,0,0,No,0,0,None,5.44,0,No,Unknown,Unknown,0,4.56,9.558952732384467
TXN1015,59835,Crypto,0,0,0,No,0,0,None,0,0,0,No,0,0,None,3.39,1,No,Unknown,Unknown,0,6.609999999999999,23.528378140924268
TXN1016,63055,Crypto,0,0,0,Yes,0,0,None,0,0,0,Yes,0,0,None,4.73,0,No,Unknown,Unknown,0,5.27,8.311368827973995
TXN1017,65025,Bank Transfer,0,0,0,Yes,0,1,None,0,0,0,Yes,0,0,Grey,6.13,0,No,Unknown,Unknown,0,3.87,19.557195571955717
TXN1018,68069,Crypto,0,0,0,Yes,0,0,None,0,0,0,No,0,0,None,8.69,0,No,Unknown,Unknown,0,1.3100000000000005,15.269724125812687
TXN1019,5411,Wire Transfer,0,0,0,Yes,0,0,None,0,0,0,No,1,0,None,6.62,0,No,Unknown,Unknown,0,3.38,29.20400632577755
TXN1020,83204,Check,0,0,0,Yes,0,0,None,0,0,0,Yes,0,0,Grey,4.34,1,No,Unknown,Unknown,0,5.66,25.197680548234054
TXN1021,53807,Check,0,0,0,No,0,0,None,0,0,0,Yes,0,0,None,8.19,0,No,Unknown,Unknown,0,1.8100000000000005,14.391143911439114
TXN1022,85405,ACH,0,0,0,No,0,0,None,0,0,0,Yes,0,0,None,9.06,0,No,Unknown,Unknown,0,0.9399999999999995,15.919873484449132
TXN1023,28793,Crypto,0,0,0,Yes,0,0,Grey,0,0,0,Yes,0,0,None,1.2,0,Yes,Unknown,Unknown,0,8.8,2.1085925144965736
TXN1024,72032,Wire Transfer,0,0,1,No,0,0,Grey,0,0,0,Yes,0,0,Grey,5.32,0,No,Unknown,Unknown,0,4.68,26.91969776840626
TXN1025,93116,ACH,0,0,0,Yes,0,0,None,0,0,1,No,0,0,None,2.85,0,No,Unknown,Unknown,0,7.15,22.579511509400813
TXN1026,25758,Bank Transfer,0,0,0,No,0,0,None,0,0,0,No,0,0,Black,0.47,0,No,Unknown,Unknown,0,9.53,0.825865401511158
TXN1027,84578,ACH,0,0,1,No,0,0,Grey,0,0,0,No,0,0,None,6.69,0,No,Unknown,Unknown,0,3.3099999999999996,29.327007555789848
TXN1028,18531,ACH,0,0,0,No,0,0,Grey,0,0,0,No,0,0,None,8.63,0,No,Unknown,Unknown,0,1.3699999999999992,15.16429450008786
TXN1029,2847,Crypto,0,0,0,No,0,0,None,0,0,0,Yes,0,0,Black,1.63,0,No,Unknown,Unknown,0,8.370000000000001,2.864171498857846
TXN1030,59250,Bank Transfer,0,0,0,Yes,0,0,None,0,0,0,No,0,0,None,8.12,0,No,Unknown,Unknown,0,1.8800000000000008,14.268142681426813
TXN1031,65825,ACH,0,0,0,Yes,0,0,None,0,0,0,Yes,0,0,None,8.53,0,No,Unknown,Unknown,0,1.4700000000000006,14.988578457213142
TXN1032,84754,Wire Transfer,0,0,0,No,0,0,Grey,0,0,0,Yes,0,0,None,9.14,0,No,Unknown,Unknown,0,0.8599999999999994,16.0604463187489
TXN1033,35873,Wire Transfer,0,0,1,No,0,0,Black,0,0,0,Yes,0,0,None,2.65,0,Yes,Unknown,Unknown,0,7.35,22.22807942365138
TXN1034,67535,Check,0,0,0,Yes,0,0,None,0,1,0,Yes,0,1,None,9.04,0,No,Unknown,Unknown,0,0.9600000000000009,51.02793885081708
TXN1035,56986,Bank Transfer,0,0,0,No,0,0,Grey,0,0,0,Yes,0,0,None,3.21,0,No,Unknown,Unknown,0,6.79,5.6404849762783345
TXN1036,66903,Bank Transfer,0,0,0,Yes,0,0,None,0,0,1,Yes,0,0,None,5.52,0,No,Unknown,Unknown,0,4.48,27.271129854155685
TXN1037,31651,Check,0,0,0,Yes,0,0,Black,0,0,0,Yes,0,0,Grey,0.51,0,No,Unknown,Unknown,0,9.49,0.8961518186610439
TXN1038,11494,ACH,0,0,0,Yes,0,1,None,0,0,0,No,0,0,None,0.44,0,No,Unknown,Unknown,0,9.56,9.558952732384467
TXN1039,69192,Bank Transfer,0,0,0,No,0,0,Grey,0,0,0,Yes,0,0,Black,7.2,0,No,Unknown,Unknown,0,2.8,12.65155508697944
TXN1040,3990,Wire Transfer,0,0,0,Yes,0,1,None,0,0,0,No,0,0,None,4.44,0,No,Unknown,Unknown,0,5.56,16.58759444737305
TXN1041,41706,Wire Transfer,0,0,0,No,0,0,None,1,0,0,No,0,0,None,2.56,0,No,Unknown,Unknown,1,7.4399999999999995,39.64153927253558
TXN1042,96376,Crypto,0,0,0,Yes,0,0,None,0,0,0,Yes,0,0,None,1.9,1,No,Unknown,Unknown,0,8.1,20.910209102091024
TXN1043,80138,Bank Transfer,0,0,1,No,0,0,Black,0,0,0,Yes,0,0,None,6.7,0,No,Unknown,Unknown,0,3.3,29.344579160077316
TXN1044,87413,ACH,0,0,0,No,0,0,Grey,0,0,0,No,0,0,None,0.0,0,Yes,Unknown,Unknown,0,10.0,0.0
TXN1045,10727,Check,1,1,0,No,0,0,Grey,0,0,0,No,0,0,None,8.06,0,No,Unknown,Unknown,1,1.9399999999999995,75.66332806185206
TXN1046,8892,Check,0,0,0,Yes,0,0,Grey,0,0,0,No,0,0,Grey,0.79,0,Yes,Unknown,Unknown,0,9.21,1.3881567387102445
TXN1047,74069,ACH,0,0,0,Yes,1,0,None,0,0,1,No,0,0,Black,1.91,0,No,Unknown,Unknown,0,8.09,38.49938499384994
TXN1048,43101,Crypto,0,0,0,No,0,0,None,0,0,0,Yes,0,0,None,3.86,0,No,Unknown,Unknown,0,6.140000000000001,6.782639254963979
TXN1049,76652,Check,0,0,0,No,0,1,None,0,0,0,Yes,0,0,Grey,4.85,0,No,Unknown,Unknown,0,5.15,17.308030223159374
TXN1050,23997,Bank Transfer,0,0,0,No,0,0,None,0,0,0,Yes,0,0,None,3.55,0,No,Unknown,Unknown,0,6.45,6.237919522052363
TXN1051,68248,Crypto,0,0,0,Yes,0,0,None,0,0,0,No,0,0,None,3.21,0,No,Unknown,Unknown,0,6.79,5.6404849762783345
TXN1052,23583,Bank Transfer,0,0,0,Yes,0,0,None,0,0,0,Yes,0,0,Grey,9.64,0,No,Unknown,Unknown,0,0.35999999999999943,16.939026533122476
TXN1053,48655,Wire Transfer,0,0,0,Yes,0,0,None,0,0,0,No,0,1,None,6.42,0,Yes,Unknown,Unknown,0,3.58,20.066772096292393
TXN1054,17259,Crypto,0,0,0,Yes,0,0,None,0,0,0,Yes,0,0,None,0.23,0,No,Unknown,Unknown,0,9.77,0.4041468986118433
TXN1055,80177,Check,0,0,0,No,0,1,None,0,0,0,No,1,0,None,4.3,0,No,Unknown,Unknown,0,5.7,33.913196274819896
TXN1056,36020,Crypto,0,0,0,No,0,0,None,0,0,0,Yes,0,0,None,8.75,1,No,Unknown,Unknown,0,1.25,32.94675803900896
TXN1057,92167,Crypto,0,0,0,Yes,0,0,Black,0,0,0,Yes,0,0,None,3.01,0,No,Unknown,Unknown,0,6.99,5.289052890528905
TXN1058,67221,Crypto,0,0,0,Yes,0,0,None,0,0,1,No,0,0,None,0.95,0,No,Unknown,Unknown,0,9.05,19.240906694781234
TXN1059,69579,Crypto,0,0,0,No,1,0,Black,0,0,0,No,0,0,Black,7.58,0,No,Unknown,Unknown,0,2.42,30.8908803373748
TXN1060,89575,Bank Transfer,0,0,0,Yes,0,0,None,0,0,0,No,0,0,None,6.06,0,Yes,Unknown,Unknown,0,3.9400000000000004,10.648392198207695
TXN1061,19557,Wire Transfer,0,0,1,Yes,0,0,None,0,0,0,No,0,0,None,5.7,0,No,Unknown,Unknown,0,4.3,27.587418731330178
TXN1062,66657,ACH,0,0,0,Yes,0,0,None,0,0,0,No,0,0,None,0.54,1,No,Unknown,Unknown,0,9.46,18.520470918994906
TXN1063,77289,Crypto,0,0,0,Yes,0,0,None,0,0,0,Yes,0,0,None,1.4,0,No,Unknown,Unknown,0,8.6,2.4600246002460024
TXN1064,79053,Check,0,1,0,Yes,1,0,None,0,0,0,No,0,0,None,6.23,1,No,Unknown,Unknown,0,3.7699999999999996,72.44772447724478
TXN1065,53095,Crypto,0,0,0,Yes,0,0,None,0,0,0,Yes,1,0,None,2.08,0,No,Unknown,Unknown,0,7.92,21.226497979265506
TXN1066,40857,Check,0,0,0,No,0,0,None,0,0,0,Yes,0,0,Grey,5.04,0,No,Unknown,Unknown,0,4.96,8.85608856088561
TXN1067,9792,Bank Transfer,0,0,0,Yes,0,0,None,0,0,0,Yes,0,0,Grey,5.45,0,No,Unknown,Unknown,0,4.55,9.57652433667194
TXN1068,45858,Check,0,0,0,Yes,0,0,None,0,0,0,Yes,0,0,Grey,2.84,0,Yes,Unknown,Unknown,0,7.16,4.990335617641891
TXN1069,72509,ACH,0,0,1,No,0,1,None,0,0,0,Yes,0,0,Grey,9.48,1,No,Unknown,Unknown,0,0.5199999999999996,60.58689158320155
TXN1070,71311,Wire Transfer,0,0,0,No,0,0,None,0,0,0,No,0,0,None,8.42,0,No,Unknown,Unknown,0,1.58,14.79529081005096
TXN1071,65797,Check,0,0,0,No,0,0,None,0,0,0,No,0,0,Grey,7.22,0,No,Unknown,Unknown,0,2.7800000000000002,12.686698295554386
TXN1072,37165,Check,0,0,0,Yes,0,0,Grey,0,0,0,Yes,0,0,None,0.78,0,No,Unknown,Unknown,0,9.22,1.3705851344227729
TXN1073,92193,Wire Transfer,0,0,0,No,0,0,None,0,0,0,Yes,0,0,None,1.06,0,No,Unknown,Unknown,0,8.94,1.8625900544719736
TXN1074,99399,ACH,0,0,0,Yes,0,0,None,0,0,0,No,0,0,None,4.93,0,No,Unknown,Unknown,0,5.07,8.662800913723423
TXN1075,32706,Crypto,1,0,1,Yes,0,0,Grey,0,0,0,No,0,0,None,1.61,0,No,Unknown,Unknown,1,8.39,55.54384115269725
TXN1076,11634,Check,0,0,1,Yes,0,0,None,0,0,0,Yes,0,0,None,9.78,1,No,Unknown,Unknown,0,0.22000000000000064,52.328237568089975
TXN1077,94763,Wire Transfer,0,0,0,No,0,0,None,0,1,0,No,0,0,Black,1.59,0,No,Unknown,Unknown,0,8.41,29.15129151291513
TXN1078,40497,Bank Transfer,0,0,1,No,0,0,None,0,0,0,No,0,0,None,4.87,0,No,Unknown,Unknown,0,5.13,26.128975575470044
TXN1079,91487,Wire Transfer,0,0,1,No,0,0,None,0,0,0,No,0,0,None,3.64,0,Yes,Unknown,Unknown,0,6.359999999999999,23.967668248111053
TXN1080,1116,Bank Transfer,0,0,1,No,0,0,None,0,0,0,Yes,0,0,None,6.39,0,No,Unknown,Unknown,0,3.6100000000000003,28.799859427165703
TXN1081,89889,ACH,0,0,0,No,0,0,Grey,0,0,0,No,0,0,None,1.29,1,No,Unknown,Unknown,0,8.71,19.838341240555263
TXN1082,55691,Crypto,0,0,0,Yes,0,0,None,0,0,0,Yes,0,0,None,4.3,0,No,Unknown,Unknown,0,5.7,7.555789843612722
TXN1083,89912,Wire Transfer,0,0,0,Yes,0,0,None,0,0,0,Yes,0,0,None,2.75,0,No,Unknown,Unknown,0,7.25,4.8321911790546475
TXN1084,23347,Check,0,0,0,Yes,0,0,None,0,0,1,Yes,0,0,None,8.88,0,No,Unknown,Unknown,0,1.1199999999999992,33.1751888947461
TXN1085,24400,ACH,0,0,0,Yes,0,0,None,0,0,0,Yes,0,0,None,0.41,0,Yes,Unknown,Unknown,0,9.59,0.7204357757863292
TXN1086,74165,Wire Transfer,0,0,0,No,0,0,None,1,0,0,Yes,0,0,None,9.14,0,No,Unknown,Unknown,1,0.8599999999999994,51.2036548936918
TXN1087,82898,Check,0,0,0,No,0,0,None,0,0,0,No,0,0,None,8.33,0,No,Unknown,Unknown,0,1.67,14.637146371463716
TXN1088,9368,Wire Transfer,0,0,0,Yes,0,1,None,1,0,0,Yes,0,0,None,2.98,0,No,Unknown,Unknown,1,7.02,49.16534879634511
TXN1089,86907,Bank Transfer,0,0,0,No,0,1,None,0,0,0,Yes,0,0,None,7.89,0,No,Unknown,Unknown,0,2.1100000000000003,22.649797926550693
TXN1090,12285,Wire Transfer,0,0,1,No,0,0,None,0,0,0,Yes,0,0,None,0.31,1,No,Unknown,Unknown,0,9.69,35.687928307854506
TXN1091,63804,Wire Transfer,0,0,0,Yes,0,0,None,0,0,0,No,0,0,None,9.67,0,No,Unknown,Unknown,0,0.33000000000000007,16.99174134598489
TXN1092,86879,Wire Transfer,0,0,0,Yes,0,0,Grey,0,0,0,No,0,0,None,5.27,1,No,Unknown,Unknown,0,4.73,26.8318397469689
TXN1093,39199,ACH,0,0,0,No,0,0,None,0,0,0,No,0,0,None,3.03,0,Yes,Unknown,Unknown,0,6.970000000000001,5.3241960991038475
TXN1094,8671,Wire Transfer,0,0,1,No,0,0,None,0,0,0,No,0,0,None,3.63,0,No,Unknown,Unknown,0,6.37,23.95009664382358
TXN1095,38144,Check,0,0,1,Yes,0,0,None,0,0,0,No,0,0,None,0.66,0,No,Unknown,Unknown,0,9.34,18.73133017044456
TXN1096,51314,Bank Transfer,0,0,0,Yes,0,0,None,0,0,1,No,0,0,None,9.89,0,No,Unknown,Unknown,0,0.10999999999999943,34.94992092778071
TXN1097,61328,Bank Transfer,0,0,0,Yes,0,1,None,0,0,0,No,0,0,None,0.39,0,No,Unknown,Unknown,0,9.61,9.471094710947108
TXN1098,49084,Wire Transfer,0,0,0,No,0,0,None,0,0,0,Yes,0,0,Grey,6.55,0,No,Unknown,Unknown,0,3.45,11.5094008082938
TXN1099,40874,ACH,0,0,0,Yes,0,0,None,0,0,0,Yes,0,0,Grey,4.43,0,No,Unknown,Unknown,0,5.57,7.78422069934985
TXN1100,2668,ACH,0,0,0,Yes,0,0,Grey,0,0,1,No,0,1,None,9.49,0,No,Unknown,Unknown,0,0.5099999999999998,43.03285890001758
TXN1101,62692,Check,0,0,0,No,0,0,None,0,0,0,Yes,0,0,None,2.46,0,No,Unknown,Unknown,0,7.54,4.322614654717976
TXN1102,67663,Wire Transfer,1,0,0,No,0,0,None,0,0,0,Yes,0,0,None,5.32,0,No,Unknown,Unknown,1,4.68,44.49130205587771
TXN1103,2795,Bank Transfer,0,0,0,No,0,0,Grey,0,0,0,No,0,0,Black,4.82,0,No,Unknown,Unknown,0,5.18,8.469513266561238
TXN1104,48290,ACH,0,0,0,No,0,0,Black,0,0,1,Yes,0,0,Black,7.03,0,No,Unknown,Unknown,0,2.9699999999999998,29.924442101563876
TXN1105,5358,Wire Transfer,0,0,0,No,0,0,Grey,0,0,0,Yes,0,0,None,0.68,0,Yes,Unknown,Unknown,0,9.32,1.1948690915480584
TXN1106,87638,ACH,0,0,0,Yes,0,0,None,0,0,0,No,0,0,Grey,1.94,0,No,Unknown,Unknown,0,8.06,3.4088912317694606
TXN1107,39604,ACH,0,0,1,Yes,0,0,None,0,0,0,Yes,0,0,None,2.15,0,No,Unknown,Unknown,0,7.85,21.34949920927781
TXN1108,33259,Bank Transfer,0,0,0,No,0,0,None,0,0,0,No,0,0,None,7.38,0,No,Unknown,Unknown,0,2.62,12.967843964153927
TXN1109,14086,Crypto,0,0,0,No,0,0,None,0,0,0,No,0,0,None,1.89,0,No,Unknown,Unknown,0,8.11,3.3210332103321036
TXN1110,61958,Check,0,0,0,No,0,0,None,0,0,0,Yes,0,1,None,5.73,1,No,Unknown,Unknown,0,4.27,36.425935687928316
TXN1111,12766,Check,0,0,0,No,0,0,None,0,0,1,Yes,0,1,Grey,2.15,0,No,Unknown,Unknown,0,7.85,30.135301353013528
TXN1112,38760,Bank Transfer,0,0,0,No,0,0,Grey,0,0,0,Yes,0,0,None,8.62,0,No,Unknown,Unknown,0,1.3800000000000008,15.146722895800385
TXN1113,3661,ACH,0,0,0,Yes,0,0,None,0,0,0,No,0,0,None,9.42,0,No,Unknown,Unknown,0,0.5800000000000001,16.552451238798103
TXN1114,26954,Wire Transfer,0,0,0,Yes,0,0,Grey,0,0,0,No,0,0,Grey,5.18,0,No,Unknown,Unknown,0,4.82,9.10209102091021
TXN1115,64605,ACH,0,0,0,Yes,0,0,None,0,0,0,No,0,0,Grey,3.52,0,No,Unknown,Unknown,0,6.48,6.185204709189949
TXN1116,52351,Bank Transfer,0,0,0,Yes,0,0,None,0,0,0,Yes,0,0,None,2.34,0,No,Unknown,Unknown,0,7.66,4.111755403268318
TXN1117,22762,Check,0,0,0,No,0,0,None,0,0,0,Yes,0,0,None,0.5,0,No,Unknown,Unknown,0,9.5,0.8785802143735724
TXN1118,8492,ACH,0,0,0,Yes,0,1,None,0,0,1,No,0,0,None,2.69,0,No,Unknown,Unknown,0,7.3100000000000005,31.084167984536993
TXN1119,30635,Check,0,0,0,No,0,0,None,0,0,0,Yes,0,0,None,6.54,0,No,Unknown,Unknown,0,3.46,11.491829204006326
TXN1120,78703,Wire Transfer,0,0,0,No,0,0,None,1,0,0,Yes,0,0,Black,5.34,0,No,Unknown,Unknown,1,4.66,44.52644526445265
TXN1121,52356,Check,1,0,0,No,0,0,Black,0,0,1,No,0,0,Grey,9.44,0,No,Unknown,Unknown,1,0.5600000000000005,69.30240730978738
TXN1122,89235,Check,0,0,0,Yes,0,0,None,0,0,1,No,0,0,None,3.96,0,No,Unknown,Unknown,0,6.04,24.52995958531014
TXN1123,35322,Crypto,0,0,0,No,0,0,None,0,0,0,Yes,0,0,None,6.94,1,No,Unknown,Unknown,0,3.0599999999999996,29.766297662976633
TXN1124,77473,Crypto,0,0,0,Yes,0,0,None,0,0,0,No,1,0,None,4.89,0,No,Unknown,Unknown,0,5.11,26.164118784044987
TXN1125,79675,Crypto,0,0,0,Yes,0,0,None,0,0,1,Yes,0,0,Grey,5.13,0,No,Unknown,Unknown,0,4.87,26.585837286944297
TXN1126,96454,Check,0,0,0,No,0,0,None,0,0,0,No,0,1,None,2.68,0,No,Unknown,Unknown,0,7.32,13.494992092778071
TXN1127,84751,Bank Transfer,0,0,0,No,0,0,None,1,0,0,No,0,0,None,4.55,0,No,Unknown,Unknown,1,5.45,43.138288525742404
TXN1128,63435,Check,0,0,0,No,0,0,None,0,0,0,No,0,0,None,4.71,0,Yes,Unknown,Unknown,0,5.29,8.276225619399051
TXN1129,11065,Bank Transfer,0,0,0,Yes,0,1,None,0,0,0,Yes,0,0,None,7.07,0,No,Unknown,Unknown,0,2.9299999999999997,21.208926374978038
TXN1130,24638,Bank Transfer,0,0,0,No,0,0,None,1,0,1,Yes,0,0,None,9.41,1,No,Unknown,Unknown,1,0.5899999999999999,86.82129678439642
TXN1131,70692,Crypto,0,0,0,Yes,0,0,None,0,0,0,No,0,1,None,3.29,0,No,Unknown,Unknown,0,6.71,14.566859954313829
TXN1132,98118,ACH,0,0,0,No,0,0,None,0,0,0,No,0,0,Grey,0.42,0,Yes,Unknown,Unknown,0,9.58,0.7380073800738006
TXN1133,8210,Wire Transfer,0,0,0,No,0,0,None,0,0,0,No,0,1,Grey,4.96,0,No,Unknown,Unknown,0,5.04,17.50131787032156
TXN1134,79409,Crypto,0,0,0,Yes,0,0,None,0,0,0,Yes,0,0,None,5.44,0,No,Unknown,Unknown,0,4.56,9.558952732384467
TXN1135,27366,Crypto,0,0,0,Yes,1,0,None,0,0,0,No,0,0,None,1.68,0,No,Unknown,Unknown,0,8.32,20.52363380776665
TXN1136,53092,ACH,0,0,0,Yes,0,0,None,0,0,0,No,0,0,None,7.6,0,No,Unknown,Unknown,0,2.4000000000000004,13.3544192584783
TXN1137,83048,Wire Transfer,1,0,0,Yes,1,0,Grey,0,0,0,No,0,0,None,9.85,0,No,Unknown,Unknown,1,0.15000000000000036,70.02284308557371
TXN1138,98906,Check,0,0,0,Yes,0,1,None,0,0,1,No,1,0,None,9.46,0,No,Unknown,Unknown,0,0.5399999999999991,60.55174837462661
TXN1139,7010,Check,0,0,0,Yes,0,0,Grey,0,0,0,Yes,1,0,Grey,1.97,0,Yes,Unknown,Unknown,0,8.03,21.033210332103323
TXN1140,91082,Crypto,0,0,0,No,0,0,Black,0,0,0,Yes,0,0,None,8.75,0,No,Unknown,Unknown,0,1.25,15.375153751537516
TXN1141,306,Wire Transfer,0,0,0,No,0,0,None,0,0,0,No,0,1,None,7.04,1,No,Unknown,Unknown,0,2.96,38.72781584958707
TXN1142,87154,Crypto,0,0,0,Yes,1,0,None,0,0,0,Yes,0,0,Grey,4.54,0,No,Unknown,Unknown,0,5.46,25.549112633983484
TXN1143,87997,Bank Transfer,0,0,0,No,0,0,None,0,0,0,Yes,1,0,Black,5.41,1,No,Unknown,Unknown,0,4.59,44.64944649446495
TXN1144,23519,Crypto,0,0,0,Yes,0,0,None,0,0,0,Yes,0,0,None,8.5,0,No,Unknown,Unknown,0,1.5,14.93586364435073
TXN1145,50736,Crypto,0,0,0,No,0,0,None,0,0,0,No,0,0,None,4.8,0,No,Unknown,Unknown,0,5.2,8.434370057986294
TXN1146,50115,Check,0,0,0,No,0,0,None,0,0,0,Yes,0,0,None,3.73,0,No,Unknown,Unknown,0,6.27,6.554208399226851
TXN1147,54368,Check,0,0,1,Yes,0,0,None,0,0,0,Yes,0,0,None,4.93,0,No,Unknown,Unknown,0,5.07,26.23440520119487
TXN1148,88039,Check,0,0,0,Yes,0,1,Grey,0,0,0,Yes,0,0,None,5.79,0,No,Unknown,Unknown,0,4.21,18.959761026181692
TXN1149,18241,Bank Transfer,0,0,0,Yes,0,0,None,0,0,0,No,0,0,None,1.89,0,No,Unknown,Unknown,0,8.11,3.3210332103321036
TXN1150,80456,Check,0,0,0,No,0,0,None,0,0,0,No,0,0,Black,9.01,1,No,Unknown,Unknown,0,0.9900000000000002,33.403619750483216
TXN1151,72010,Wire Transfer,0,0,0,Yes,0,0,None,0,0,0,Yes,0,0,None,6.74,0,No,Unknown,Unknown,0,3.26,11.843261289755755
TXN1152,56144,ACH,0,0,0,No,0,0,None,0,0,0,Yes,0,0,None,6.33,1,No,Unknown,Unknown,0,3.67,28.69442980144087
TXN1153,67314,Wire Transfer,0,0,0,Yes,0,1,None,0,0,1,No,0,0,None,0.99,0,No,Unknown,Unknown,0,9.01,28.096995255666847
TXN1154,33927,Wire Transfer,0,0,0,No,0,0,Grey,0,0,0,No,0,0,None,6.04,0,No,Unknown,Unknown,0,3.96,10.613248989632753
TXN1155,55920,Check,1,0,0,No,0,0,None,0,0,0,Yes,0,0,Grey,1.21,0,No,Unknown,Unknown,1,8.79,37.26937269372694
TXN1156,62723,ACH,0,0,0,Yes,0,0,None,0,0,0,Yes,0,1,None,0.79,0,No,Unknown,Unknown,0,9.21,10.173958882445968
TXN1157,81834,ACH,0,0,0,No,0,0,None,0,0,0,No,0,0,None,5.27,0,No,Unknown,Unknown,0,4.73,9.260235459497453
TXN1158,75550,ACH,0,0,0,No,0,0,Grey,0,0,0,No,0,0,None,4.03,0,No,Unknown,Unknown,0,5.97,7.081356527850994
TXN1159,93526,Bank Transfer,1,0,0,Yes,0,0,None,0,0,0,Yes,0,0,None,5.89,0,No,Unknown,Unknown,1,4.11,45.492883500263574
TXN1160,22399,Check,0,0,0,No,0,0,None,1,0,0,No,0,0,None,0.89,1,No,Unknown,Unknown,1,9.11,54.2786856439993
TXN1161,43685,ACH,0,0,0,Yes,0,0,None,0,0,0,Yes,0,0,None,4.31,1,No,Unknown,Unknown,0,5.69,25.14496573537164
TXN1162,64144,Bank Transfer,0,0,0,Yes,0,0,None,0,0,0,Yes,0,0,None,1.75,0,No,Unknown,Unknown,0,8.25,3.0750307503075036
TXN1163,42657,Crypto,1,0,0,Yes,1,0,None,0,0,1,Yes,0,1,None,9.87,0,No,Unknown,Unknown,1,0.13000000000000078,96.41539272535583
TXN1164,49180,Crypto,0,0,0,Yes,0,0,None,0,0,1,No,0,0,None,5.61,0,No,Unknown,Unknown,0,4.39,27.429274292742928
TXN1165,2793,Bank Transfer,0,0,0,No,0,0,None,0,0,0,Yes,0,0,Grey,6.87,0,No,Unknown,Unknown,0,3.13,12.071692145492886
TXN1166,95103,Bank Transfer,0,0,0,No,0,0,None,1,0,0,Yes,0,0,Grey,3.25,0,No,Unknown,Unknown,1,6.75,40.853979968371114
TXN1167,95359,Check,0,0,1,No,0,0,Grey,0,0,0,No,0,0,None,0.95,0,No,Unknown,Unknown,0,9.05,19.240906694781234
TXN1168,69263,Check,0,0,0,Yes,0,0,None,0,0,1,No,0,0,None,9.76,0,No,Unknown,Unknown,0,0.2400000000000002,34.72149007204358
TXN1169,26039,Crypto,0,0,0,No,0,0,None,0,0,0,Yes,0,0,None,2.86,0,No,Unknown,Unknown,0,7.140000000000001,5.025478826216833
TXN1170,49025,ACH,0,0,0,No,0,1,None,0,0,0,Yes,0,0,None,4.24,0,No,Unknown,Unknown,0,5.76,16.23616236162362
TXN1171,43041,Crypto,0,0,1,Yes,0,0,None,0,0,0,No,0,0,None,6.5,0,No,Unknown,Unknown,0,3.5,28.993147074327887
TXN1172,21934,ACH,0,0,0,Yes,0,0,Grey,0,0,0,No,0,0,Grey,0.25,0,No,Unknown,Unknown,0,9.75,0.4392901071867862
TXN1173,18147,ACH,0,0,0,No,0,0,None,0,0,0,No,0,0,Grey,8.1,0,No,Unknown,Unknown,0,1.9000000000000004,14.232999472851871
TXN1174,26205,Check,0,0,0,Yes,0,0,None,0,0,0,Yes,0,0,None,5.37,0,No,Unknown,Unknown,0,4.63,9.435951502372166
TXN1175,75866,Wire Transfer,0,0,0,Yes,1,0,None,0,0,0,Yes,0,0,None,2.78,0,No,Unknown,Unknown,0,7.220000000000001,22.45651027938851
TXN1176,15807,Wire Transfer,0,0,0,Yes,0,0,None,0,0,0,Yes,0,0,Grey,0.62,0,No,Unknown,Unknown,0,9.38,1.0894394658232296
TXN1177,22076,Bank Transfer,0,0,0,Yes,0,0,None,0,0,0,No,0,0,Grey,1.62,0,No,Unknown,Unknown,0,8.379999999999999,2.8465998945703745
TXN1178,44362,Check,0,0,0,No,0,0,None,0,0,0,Yes,0,0,None,8.95,0,No,Unknown,Unknown,0,1.0500000000000007,15.726585837286944
TXN1179,23876,ACH,1,0,0,Yes,0,0,None,0,0,0,No,0,0,None,6.86,0,No,Unknown,Unknown,1,3.1399999999999997,47.1973291161483
TXN1180,30180,Wire Transfer,0,0,0,Yes,0,0,Black,0,0,0,Yes,0,0,None,2.5,0,No,Unknown,Unknown,0,7.5,4.392901071867862
TXN1181,66942,ACH,0,0,0,Yes,0,0,None,0,0,0,No,0,0,None,0.66,0,No,Unknown,Unknown,0,9.34,1.1597258829731156
TXN1182,61473,Wire Transfer,1,0,1,Yes,0,0,None,1,0,0,Yes,0,0,None,6.91,0,No,Unknown,Unknown,1,3.09,100.0
TXN1183,6876,Wire Transfer,0,0,0,Yes,0,0,Grey,0,0,0,Yes,0,0,None,5.72,0,No,Unknown,Unknown,0,4.28,10.050957652433667
TXN1184,92887,Wire Transfer,0,0,1,Yes,0,0,None,0,0,0,No,0,0,None,4.05,0,No,Unknown,Unknown,0,5.95,24.688104023897385
TXN1185,55116,Check,0,0,0,Yes,0,0,None,0,0,0,No,0,1,None,3.64,1,No,Unknown,Unknown,0,6.359999999999999,32.753470391846776
TXN1186,9574,Crypto,0,0,0,Yes,0,0,None,1,0,0,Yes,0,0,None,2.17,0,No,Unknown,Unknown,1,7.83,38.9562467053242
TXN1187,58153,ACH,0,0,0,No,0,0,None,0,0,0,No,0,0,None,6.7,0,Yes,Unknown,Unknown,0,3.3,11.77297487260587
TXN1188,22059,Check,0,0,0,Yes,0,1,None,0,0,0,No,0,0,Grey,9.71,0,No,Unknown,Unknown,0,0.28999999999999915,25.8478299068705
TXN1189,5630,Check,0,0,0,No,0,0,None,0,0,0,Yes,0,0,Grey,1.76,0,No,Unknown,Unknown,0,8.24,3.0926023545949746
TXN1190,94956,Check,0,0,0,Yes,0,0,Grey,0,0,0,No,0,0,None,5.97,0,No,Unknown,Unknown,0,4.03,10.490247759620454
TXN1191,3848,Check,0,0,0,Yes,0,0,None,0,0,0,Yes,0,1,None,4.24,0,No,Unknown,Unknown,0,5.76,16.23616236162362
TXN1192,97604,Check,0,0,0,Yes,0,1,None,0,0,1,Yes,0,0,Black,4.47,0,No,Unknown,Unknown,0,5.53,34.21191354770691
TXN1193,98198,Bank Transfer,0,0,0,Yes,0,0,None,0,0,0,No,0,0,None,2.54,0,No,Unknown,Unknown,0,7.46,4.463187489017748
TXN1194,13645,ACH,0,0,0,No,0,0,None,0,0,0,No,0,0,None,8.25,1,No,Unknown,Unknown,0,1.75,32.06817782463539
TXN1195,66299,Check,0,0,0,Yes,0,1,None,0,0,0,Yes,0,0,None,4.85,1,No,Unknown,Unknown,0,5.15,34.87963451063082
TXN1196,34866,ACH,0,0,0,Yes,0,0,None,0,0,0,Yes,0,0,None,5.43,0,Yes,Unknown,Unknown,0,4.57,9.541381128096996
TXN1197,73630,Bank Transfer,0,0,0,No,0,0,Grey,0,0,0,Yes,0,0,None,3.05,0,No,Unknown,Unknown,0,6.95,5.359339307678791
TXN1198,93657,Bank Transfer,0,0,0,No,0,0,None,0,0,0,Yes,0,0,Grey,1.82,0,No,Unknown,Unknown,0,8.18,3.198031980319803
TXN1199,61187,ACH,0,0,0,Yes,0,0,None,0,0,0,Yes,0,0,None,0.86,0,No,Unknown,Unknown,0,9.14,1.5111579687225443
TXN1200,95939,Wire Transfer,0,0,0,No,0,0,None,0,0,0,Yes,0,0,None,7.14,0,No,Unknown,Unknown,0,2.8600000000000003,12.546125461254611
TXN1201,68940,Crypto,0,0,0,No,0,0,None,0,0,0,No,0,0,Grey,1.96,0,No,Unknown,Unknown,0,8.04,3.4440344403444034
TXN1202,54484,Wire Transfer,0,0,1,No,0,0,None,0,0,0,No,0,0,None,6.9,0,No,Unknown,Unknown,0,3.0999999999999996,29.696011245826742
TXN1203,51105,Wire Transfer,0,0,0,Yes,0,0,None,0,0,1,No,0,1,None,3.9,0,No,Unknown,Unknown,0,6.1,33.210332103321036
TXN1204,46676,Wire Transfer,0,0,0,Yes,0,0,None,0,0,1,Yes,0,0,None,4.16,1,Yes,Unknown,Unknown,0,5.84,42.45299595853101
TXN1205,39453,Check,0,0,0,Yes,0,1,None,0,0,0,No,0,0,None,4.69,0,No,Unknown,Unknown,0,5.31,17.026884554559835
TXN1206,62103,Bank Transfer,1,0,1,No,0,0,None,0,0,0,Yes,0,0,None,3.68,0,No,Unknown,Unknown,1,6.32,59.18116324020384
TXN1207,83311,Wire Transfer,0,1,0,Yes,0,0,None,0,0,0,Yes,0,0,None,1.01,0,No,Unknown,Unknown,0,8.99,28.13213846424179
TXN1208,52833,Bank Transfer,0,0,0,No,0,0,None,0,0,1,No,0,0,None,3.1,0,No,Unknown,Unknown,0,6.9,23.018801616587595
TXN1209,65418,ACH,0,0,0,Yes,0,0,Grey,0,0,0,Yes,0,0,None,6.64,0,No,Unknown,Unknown,0,3.3600000000000003,11.667545246881039
TXN1210,89574,Crypto,0,0,1,Yes,0,0,None,0,0,0,Yes,0,0,None,6.66,0,No,Unknown,Unknown,0,3.34,29.274292742927432
TXN1211,23764,ACH,0,0,0,No,0,0,None,0,0,0,Yes,0,0,None,2.86,0,No,Unknown,Unknown,0,7.140000000000001,5.025478826216833
TXN1212,67272,ACH,0,0,0,Yes,0,0,None,0,0,0,Yes,0,0,None,4.6,0,No,Unknown,Unknown,0,5.4,8.082937972236866
TXN1213,85716,Check,0,0,0,No,1,0,None,0,0,0,Yes,0,0,None,1.93,0,Yes,Unknown,Unknown,0,8.07,20.962923914953436
TXN1214,93364,Crypto,0,0,0,No,0,0,None,0,0,0,Yes,0,0,None,2.1,0,No,Unknown,Unknown,0,7.9,3.6900369003690043
TXN1215,26836,ACH,0,0,0,Yes,0,0,None,0,0,0,No,0,0,Grey,0.23,0,No,Unknown,Unknown,0,9.77,0.4041468986118433
TXN1216,94309,ACH,0,0,0,No,1,0,None,0,0,0,Yes,0,0,None,8.97,0,No,Unknown,Unknown,0,1.0299999999999994,33.33333333333333
TXN1217,954,Crypto,1,0,0,Yes,0,0,Grey,0,0,0,Yes,0,0,None,2.11,0,No,Unknown,Unknown,1,7.890000000000001,38.85081707959937
TXN1218,90184,Crypto,0,0,0,Yes,0,0,None,0,1,0,Yes,0,0,None,2.28,0,Yes,Unknown,Unknown,0,7.720000000000001,30.363732208750662
TXN1219,38723,ACH,0,0,0,No,0,0,None,0,0,0,Yes,0,0,None,2.8,0,No,Unknown,Unknown,0,7.2,4.920049200492005
TXN1220,7492,Crypto,0,0,1,Yes,0,0,None,0,0,0,No,0,0,None,1.27,0,No,Unknown,Unknown,0,8.73,19.803198031980322
TXN1221,55780,ACH,0,0,1,No,0,0,Grey,0,0,0,No,0,0,Grey,6.39,0,No,Unknown,Unknown,0,3.6100000000000003,28.799859427165703
TXN1222,46817,ACH,0,0,0,Yes,0,0,None,0,0,0,Yes,0,1,Grey,0.75,0,No,Unknown,Unknown,0,9.25,10.103672465296082
TXN1223,87192,Check,0,0,0,Yes,1,0,None,0,0,0,Yes,1,0,None,1.34,0,No,Unknown,Unknown,0,8.66,37.497803549464074
TXN1224,50959,Wire Transfer,0,0,0,Yes,0,0,None,0,0,0,Yes,0,1,None,6.45,0,No,Unknown,Unknown,0,3.55,20.119486909154805
TXN1225,26409,ACH,0,0,0,Yes,0,0,None,0,0,0,No,0,0,None,3.4,0,No,Unknown,Unknown,0,6.6,5.9743454577402915
TXN1226,87555,Bank Transfer,1,0,0,Yes,0,0,None,0,0,0,No,0,0,None,7.08,0,No,Unknown,Unknown,1,2.92,47.58390441047268
TXN1227,63834,Wire Transfer,0,0,0,No,0,0,Black,1,0,0,No,0,0,None,5.57,0,No,Unknown,Unknown,1,4.43,44.93059216306449
TXN1228,70567,Wire Transfer,0,0,0,No,0,0,None,0,0,1,No,1,0,None,2.56,0,No,Unknown,Unknown,0,7.4399999999999995,39.64153927253558
TXN1229,52762,Wire Transfer,0,0,0,No,0,0,Grey,0,0,0,Yes,0,1,Grey,6.51,0,No,Unknown,Unknown,0,3.49,20.224916534879636
TXN1230,98606,Check,0,0,0,No,0,0,None,0,0,0,No,0,0,None,1.16,0,No,Unknown,Unknown,0,8.84,2.038306097346688
TXN1231,12788,ACH,0,0,1,No,0,0,None,0,0,0,No,0,0,None,5.36,0,No,Unknown,Unknown,0,4.64,26.989984185556143
TXN1232,25442,Check,0,0,0,No,0,0,None,0,0,0,Yes,0,0,None,4.37,1,No,Unknown,Unknown,0,5.63,25.250395361096473
TXN1233,37257,ACH,0,0,0,Yes,0,0,None,0,0,0,Yes,0,0,None,2.68,0,No,Unknown,Unknown,0,7.32,4.709189949042348
TXN1234,67963,Check,0,0,0,Yes,1,0,Grey,0,0,0,No,0,0,None,6.04,1,No,Unknown,Unknown,0,3.96,45.75645756457565
TXN1235,52183,Check,0,0,0,No,0,0,Grey,0,0,0,No,1,0,Grey,8.71,0,No,Unknown,Unknown,0,1.2899999999999991,32.876471621859075
TXN1236,65833,Bank Transfer,0,0,0,No,0,0,Grey,0,0,0,No,0,0,None,9.99,0,No,Unknown,Unknown,0,0.009999999999999787,17.554032683183976
TXN1237,89145,Check,0,0,0,Yes,0,0,None,0,0,0,No,0,0,None,6.08,0,No,Unknown,Unknown,0,3.92,10.68353540678264
TXN1238,34798,Crypto,1,0,0,Yes,0,0,None,0,0,0,Yes,0,0,None,4.05,0,No,Unknown,Unknown,1,5.95,42.25970831136883
TXN1239,80723,Bank Transfer,0,0,0,Yes,1,0,None,0,0,0,Yes,0,1,None,2.25,0,No,Unknown,Unknown,0,7.75,30.311017395888246
TXN1240,22771,Check,0,0,0,No,0,0,Black,0,0,0,No,0,0,Black,2.57,1,No,Unknown,Unknown,0,7.43,22.08750658935161
TXN1241,25284,Wire Transfer,0,0,0,No,0,0,None,0,0,0,No,0,0,None,4.79,0,No,Unknown,Unknown,0,5.21,8.416798453698823
TXN1242,93484,Crypto,0,0,0,No,0,0,None,0,0,0,No,0,0,None,3.67,0,No,Unknown,Unknown,0,6.33,6.4487787735020214
TXN1243,42207,Crypto,0,0,0,Yes,0,0,None,0,0,0,No,0,0,Black,9.14,0,No,Unknown,Unknown,0,0.8599999999999994,16.0604463187489
TXN1244,86302,Crypto,0,0,0,Yes,0,0,None,0,0,0,No,0,0,None,3.68,0,No,Unknown,Unknown,0,6.32,6.466350377789492
TXN1245,51763,Bank Transfer,0,0,0,No,1,0,Black,0,0,0,Yes,0,0,None,3.73,0,No,Unknown,Unknown,0,6.27,24.125812686698296
TXN1246,15808,Check,0,0,0,No,0,0,None,0,0,0,Yes,0,1,None,3.84,1,No,Unknown,Unknown,0,6.16,33.104902477596205
TXN1247,92006,Check,0,0,0,Yes,0,0,None,1,0,0,Yes,0,0,Grey,8.37,0,No,Unknown,Unknown,1,1.6300000000000008,49.85064136355649
TXN1248,49911,Wire Transfer,0,0,0,Yes,0,1,None,0,0,0,No,0,1,None,6.51,1,No,Unknown,Unknown,0,3.49,46.58232296608681
TXN1249,2911,Wire Transfer,0,0,0,Yes,0,0,None,0,0,0,No,0,0,None,6.14,0,No,Unknown,Unknown,0,3.8600000000000003,10.788965032507468
TXN1250,56350,Crypto,0,0,1,Yes,1,0,None,0,0,1,Yes,0,0,None,3.34,0,Yes,Unknown,Unknown,0,6.66,58.583728694429816
TXN1251,72182,Wire Transfer,0,0,1,No,0,0,None,0,0,0,Yes,0,0,None,8.18,0,No,Unknown,Unknown,0,1.8200000000000003,31.945176594623092
TXN1252,34854,Bank Transfer,0,0,0,Yes,0,0,Grey,0,0,0,No,0,0,None,0.38,0,No,Unknown,Unknown,0,9.62,0.667720962923915
TXN1253,95842,Check,0,0,0,Yes,0,0,Grey,0,0,0,Yes,0,0,None,8.71,0,No,Unknown,Unknown,0,1.2899999999999991,15.304867334387632
TXN1254,11511,Crypto,0,0,0,Yes,0,1,None,0,0,0,No,0,0,None,5.13,0,No,Unknown,Unknown,0,4.87,17.80003514320857
TXN1255,3011,Wire Transfer,1,0,0,No,0,0,None,0,0,0,No,0,0,None,3.98,0,No,Unknown,Unknown,1,6.02,42.13670708135653
TXN1256,67370,Bank Transfer,0,0,0,No,0,0,Grey,0,1,1,Yes,0,0,None,4.97,0,No,Unknown,Unknown,0,5.03,52.66209804955192
TXN1257,83863,Bank Transfer,0,0,0,Yes,0,0,None,0,0,0,Yes,1,0,None,6.67,0,No,Unknown,Unknown,0,3.33,29.291864347214908
TXN1258,8780,Wire Transfer,0,0,0,Yes,0,0,None,0,0,0,Yes,0,0,Grey,0.13,0,No,Unknown,Unknown,0,9.87,0.22843085573712882
TXN1259,84996,Check,0,0,0,Yes,0,0,None,0,0,0,No,0,0,None,8.72,0,No,Unknown,Unknown,0,1.2799999999999994,15.322438938675104
TXN1260,83979,Wire Transfer,0,0,0,No,0,0,None,0,0,0,No,0,0,None,4.47,0,No,Unknown,Unknown,0,5.53,7.854507116499737
TXN1261,71395,Crypto,0,0,0,No,0,0,None,0,0,0,Yes,0,0,None,3.43,0,Yes,Unknown,Unknown,0,6.57,6.027060270602707
TXN1262,88714,Wire Transfer,0,0,0,No,0,0,Black,0,0,0,No,1,0,None,1.38,0,No,Unknown,Unknown,0,8.620000000000001,19.996485679142506
TXN1263,11211,Bank Transfer,0,0,0,Yes,0,0,None,0,0,0,No,0,0,Grey,4.39,0,No,Unknown,Unknown,0,5.61,7.713934282199965
TXN1264,37604,Wire Transfer,0,1,0,No,0,1,None,0,0,0,No,1,1,Grey,4.96,0,No,Unknown,Unknown,0,5.04,70.2161307327359
TXN1265,1902,Check,0,0,0,Yes,0,0,None,1,0,0,Yes,0,0,Grey,4.04,0,No,Unknown,Unknown,1,5.96,42.24213670708136
TXN1266,8255,ACH,0,0,1,Yes,0,0,None,0,0,1,No,1,0,None,6.79,0,No,Unknown,Unknown,0,3.21,64.64593217360746
TXN1267,73756,Wire Transfer,0,0,0,Yes,0,0,None,0,0,0,Yes,0,0,None,4.21,0,No,Unknown,Unknown,0,5.79,7.39764540502548
TXN1268,39484,Check,0,0,0,No,0,0,None,0,0,0,Yes,0,0,None,9.61,0,No,Unknown,Unknown,0,0.39000000000000057,16.88631172026006
TXN1269,47354,Check,0,0,0,Yes,0,0,None,0,0,1,No,0,0,None,5.99,0,No,Unknown,Unknown,0,4.01,28.096995255666847
TXN1270,22018,Bank Transfer,0,0,0,No,0,0,None,0,0,0,Yes,0,0,None,8.07,0,No,Unknown,Unknown,0,1.9299999999999997,14.180284659989459
TXN1271,86081,Check,0,0,0,No,0,0,Grey,0,0,0,No,1,0,Grey,1.09,0,No,Unknown,Unknown,0,8.91,19.486909154805833
TXN1272,60813,Check,0,0,0,Yes,0,0,Grey,0,0,0,Yes,0,0,None,3.97,0,No,Unknown,Unknown,0,6.029999999999999,6.975926902126164
TXN1273,30406,Check,0,0,0,Yes,0,0,None,0,0,0,Yes,0,0,None,3.37,0,No,Unknown,Unknown,0,6.63,5.921630644877878
TXN1274,16746,Check,0,0,0,No,0,0,None,0,0,0,No,0,0,None,5.69,0,No,Unknown,Unknown,0,4.31,9.998242839571255
TXN1275,46943,Crypto,0,0,0,Yes,0,0,None,0,0,0,Yes,0,0,Grey,8.61,0,No,Unknown,Unknown,0,1.3900000000000006,15.129151291512915
TXN1276,96701,Crypto,0,0,0,No,0,0,None,0,0,0,Yes,0,0,None,0.78,0,No,Unknown,Unknown,0,9.22,1.3705851344227729
TXN1277,90835,Bank Transfer,0,0,0,Yes,0,0,None,0,0,0,Yes,0,0,None,0.73,0,No,Unknown,Unknown,0,9.27,1.2827271129854156
TXN1278,16471,Wire Transfer,0,0,1,No,0,0,None,0,0,0,No,0,1,Grey,8.5,0,No,Unknown,Unknown,0,1.5,41.293270075557906
TXN1279,77471,Check,0,0,1,No,0,0,None,0,0,0,No,0,0,None,2.13,0,No,Unknown,Unknown,0,7.87,21.314356000702865
TXN1280,2149,Wire Transfer,0,0,0,No,0,0,Grey,0,0,0,Yes,0,0,None,6.69,0,No,Unknown,Unknown,0,3.3099999999999996,11.755403268318398
TXN1281,31716,Wire Transfer,0,0,0,No,0,0,Grey,0,0,0,Yes,0,0,None,5.43,0,No,Unknown,Unknown,0,4.57,9.541381128096996
TXN1282,21032,Bank Transfer,0,0,0,Yes,0,0,Grey,0,0,0,Yes,0,0,None,8.33,0,No,Unknown,Unknown,0,1.67,14.637146371463716
TXN1283,29955,Check,0,0,0,Yes,0,0,None,0,0,0,No,0,0,Grey,1.25,1,No,Unknown,Unknown,0,8.75,19.76805482340538
TXN1284,61534,Check,0,0,0,No,0,0,None,0,0,1,No,0,1,None,1.3,0,No,Unknown,Unknown,0,8.7,28.64171498857846
TXN1285,72794,ACH,0,0,0,No,0,0,None,0,0,0,Yes,0,0,None,5.57,0,No,Unknown,Unknown,0,4.43,9.787383588121596
TXN1286,43116,Wire Transfer,0,0,0,Yes,0,0,None,0,0,0,No,0,0,None,9.46,0,No,Unknown,Unknown,0,0.5399999999999991,16.62273765594799
TXN1287,7500,Wire Transfer,0,0,0,Yes,0,0,None,0,1,1,No,0,0,None,4.15,0,Yes,Unknown,Unknown,0,5.85,51.221226497979266
TXN1288,42742,Crypto,0,0,0,Yes,0,0,None,0,0,0,No,0,0,None,3.27,0,No,Unknown,Unknown,0,6.73,5.745914602003163
TXN1289,15251,ACH,0,0,1,Yes,0,0,None,0,0,0,No,0,0,None,6.07,0,No,Unknown,Unknown,0,3.9299999999999997,28.237568089966615
TXN1290,51507,Crypto,0,0,0,Yes,0,0,Grey,0,0,0,Yes,0,0,None,9.3,1,No,Unknown,Unknown,0,0.6999999999999993,33.913196274819896
TXN1291,66790,Crypto,0,0,1,Yes,0,0,None,0,0,0,No,0,1,None,8.37,0,No,Unknown,Unknown,0,1.6300000000000008,41.06483921982077
TXN1292,4599,Crypto,0,0,1,No,1,0,None,0,0,0,No,0,0,Grey,9.95,0,No,Unknown,Unknown,0,0.05000000000000071,52.62695484097698
TXN1293,6395,Bank Transfer,0,0,0,Yes,0,0,None,0,0,0,Yes,0,0,None,0.23,0,No,Unknown,Unknown,0,9.77,0.4041468986118433
TXN1294,59140,Bank Transfer,1,1,0,Yes,0,1,None,0,0,1,Yes,0,0,None,1.13,0,No,Unknown,Unknown,1,8.870000000000001,89.84361272184151
TXN1295,12283,Crypto,0,0,0,No,0,0,None,0,0,0,No,0,0,None,6.09,0,No,Unknown,Unknown,0,3.91,10.701107011070112
TXN1296,29399,ACH,0,1,0,Yes,0,1,None,0,0,0,No,0,0,Grey,8.21,0,No,Unknown,Unknown,0,1.7899999999999991,49.569495694956956
TXN1297,12974,Wire Transfer,0,0,0,Yes,0,0,None,0,0,0,Yes,0,0,None,2.85,0,No,Unknown,Unknown,0,7.15,5.007907221929363
TXN1298,32811,ACH,0,0,0,Yes,0,0,None,0,0,0,Yes,0,0,None,2.39,0,No,Unknown,Unknown,0,7.609999999999999,4.199613424705676
TXN1299,5639,Check,0,0,1,Yes,0,0,None,0,0,0,Yes,0,0,None,7.87,0,No,Unknown,Unknown,0,2.13,31.40045686171148
TXN1300,53451,Bank Transfer,1,0,0,Yes,0,0,None,0,0,0,No,0,0,None,0.56,0,No,Unknown,Unknown,1,9.44,36.1272184150413
TXN1301,61367,Wire Transfer,0,0,0,No,0,0,None,0,1,0,No,0,0,None,3.69,0,No,Unknown,Unknown,0,6.3100000000000005,32.84132841328414
TXN1302,48454,Wire Transfer,0,0,0,Yes,0,1,Grey,0,0,0,Yes,0,0,Grey,5.06,0,No,Unknown,Unknown,0,4.94,17.677033913196276
TXN1303,2657,Check,0,0,0,No,0,0,None,0,0,0,No,0,0,Black,5.6,0,No,Unknown,Unknown,0,4.4,9.84009840098401
TXN1304,38460,Check,0,0,1,No,0,0,None,0,0,0,Yes,0,0,None,7.29,0,No,Unknown,Unknown,0,2.71,30.38130381303813
TXN1305,82118,Crypto,0,0,0,Yes,0,0,None,0,0,0,No,0,1,None,3.55,0,No,Unknown,Unknown,0,6.45,15.02372166578809
TXN1306,2300,Bank Transfer,0,0,0,No,0,0,Grey,0,0,0,Yes,0,0,None,6.13,0,Yes,Unknown,Unknown,0,3.87,10.771393428219996
TXN1307,68597,Bank Transfer,0,0,0,Yes,1,0,Grey,0,1,0,Yes,0,1,None,5.85,0,No,Unknown,Unknown,0,4.15,62.994201370585145
TXN1308,47075,ACH,0,0,0,No,0,0,None,0,0,0,No,0,0,Black,5.48,0,No,Unknown,Unknown,0,4.52,9.629239149534353
TXN1309,21457,Crypto,0,0,0,No,0,0,None,0,0,0,No,0,0,None,6.4,0,No,Unknown,Unknown,0,3.5999999999999996,11.245826743981727
TXN1310,77605,Crypto,0,0,0,Yes,0,0,Grey,0,0,0,No,0,0,None,2.59,0,No,Unknown,Unknown,0,7.41,4.551045510455105
TXN1311,2969,Crypto,1,0,0,Yes,1,0,None,0,0,0,No,0,0,None,0.85,0,No,Unknown,Unknown,1,9.15,54.208399226849416
TXN1312,61235,Crypto,0,0,0,Yes,0,0,None,0,0,0,No,0,0,None,1.19,0,Yes,Unknown,Unknown,0,8.81,2.091020910209102
TXN1313,50208,Bank Transfer,0,0,0,Yes,0,0,None,0,0,0,No,0,0,None,2.25,0,No,Unknown,Unknown,0,7.75,3.9536109646810758
TXN1314,94279,Bank Transfer,0,0,0,Yes,0,0,Grey,0,0,0,Yes,0,1,None,5.0,0,No,Unknown,Unknown,0,5.0,17.571604287471448
TXN1315,90372,Crypto,0,0,0,No,0,0,Grey,0,0,0,No,0,1,None,8.4,0,No,Unknown,Unknown,0,1.5999999999999996,23.54594974521174
TXN1316,38567,ACH,0,0,0,No,0,1,None,0,0,0,Yes,0,0,Grey,7.01,1,No,Unknown,Unknown,0,2.99,38.675101036724655
TXN1317,23428,Wire Transfer,0,0,0,No,0,0,None,0,0,0,Yes,0,0,None,7.89,0,No,Unknown,Unknown,0,2.1100000000000003,13.86399578281497
TXN1318,91512,Wire Transfer,0,0,0,No,0,0,None,0,0,1,No,0,0,None,3.51,0,No,Unknown,Unknown,0,6.49,23.739237392373923
TXN1319,86931,ACH,0,0,0,No,0,0,None,0,0,1,Yes,0,0,None,4.05,0,No,Unknown,Unknown,0,5.95,24.688104023897385
TXN1320,4087,Crypto,0,0,0,No,0,0,Black,0,0,0,Yes,0,0,None,3.94,0,No,Unknown,Unknown,0,6.0600000000000005,6.923212089263751
TXN1321,58971,Bank Transfer,0,0,0,No,0,1,None,0,0,0,No,0,0,None,1.92,0,No,Unknown,Unknown,0,8.08,12.159550166930241
TXN1322,22499,Wire Transfer,0,0,0,Yes,0,0,None,0,0,0,No,0,0,None,0.61,0,No,Unknown,Unknown,0,9.39,1.0718678615357584
TXN1323,46314,Check,0,0,0,Yes,0,0,None,0,0,1,No,0,0,None,5.91,1,No,Unknown,Unknown,0,4.09,45.52802670883852
TXN1324,99622,Check,0,0,0,No,0,0,None,0,0,1,Yes,0,0,None,9.89,0,No,Unknown,Unknown,0,0.10999999999999943,34.94992092778071
TXN1325,86516,ACH,0,0,0,No,0,0,None,0,0,0,No,0,0,Grey,1.67,0,No,Unknown,Unknown,0,8.33,2.9344579160077315
TXN1326,70371,Crypto,0,0,0,Yes,0,1,None,0,0,0,No,0,0,None,0.47,0,No,Unknown,Unknown,0,9.53,9.611667545246881
TXN1327,44164,Wire Transfer,0,0,1,Yes,0,0,None,0,0,0,No,0,0,None,7.8,0,No,Unknown,Unknown,0,2.2,31.277455631699176
TXN1328,70191,Crypto,1,0,0,Yes,0,1,None,0,0,0,No,0,0,None,2.53,1,No,Unknown,Unknown,1,7.470000000000001,65.94623089088034
TXN1329,40918,Wire Transfer,0,0,0,Yes,0,0,None,0,0,0,Yes,0,0,None,8.3,0,No,Unknown,Unknown,0,1.6999999999999993,14.584431558601302
TXN1330,45625,ACH,1,0,1,No,0,0,None,0,0,1,No,0,0,None,7.04,0,No,Unknown,Unknown,1,2.96,82.65682656826569
TXN1331,19930,ACH,0,0,0,Yes,0,0,None,0,0,0,Yes,0,0,Grey,9.46,0,No,Unknown,Unknown,0,0.5399999999999991,16.62273765594799
TXN1332,17529,Check,0,0,0,No,0,0,Grey,0,0,1,No,0,0,None,4.09,0,No,Unknown,Unknown,0,5.91,24.75839044104727
TXN1333,6993,Crypto,0,0,0,No,0,0,Grey,0,0,0,Yes,0,0,Grey,6.62,0,No,Unknown,Unknown,0,3.38,11.632402038306099
TXN1334,80009,Check,0,0,0,No,0,0,Black,0,0,0,Yes,0,1,None,4.65,0,No,Unknown,Unknown,0,5.35,16.956598137409948
TXN1335,47433,Crypto,0,0,0,Yes,0,0,None,0,0,0,Yes,0,0,None,6.31,0,No,Unknown,Unknown,0,3.6900000000000004,11.087682305394484
TXN1336,3536,Check,0,0,0,Yes,0,0,Black,0,0,0,No,0,0,None,4.5,0,No,Unknown,Unknown,0,5.5,7.9072219293621515
TXN1337,74390,Bank Transfer,0,0,0,No,0,0,None,0,0,0,Yes,0,0,Grey,1.89,0,Yes,Unknown,Unknown,0,8.11,3.3210332103321036
TXN1338,76313,Bank Transfer,0,0,0,No,0,1,None,0,0,0,No,0,1,None,5.08,0,No,Unknown,Unknown,0,4.92,26.49797926550694
TXN1339,5995,Bank Transfer,0,0,0,No,0,0,None,0,0,0,No,0,0,Grey,5.29,0,No,Unknown,Unknown,0,4.71,9.295378668072395
TXN1340,19838,Bank Transfer,0,0,0,Yes,0,0,None,0,0,0,No,0,0,Grey,8.11,0,No,Unknown,Unknown,0,1.8900000000000006,14.250571077139343
TXN1341,30846,Wire Transfer,0,0,1,No,0,0,None,0,0,0,No,0,0,Grey,7.36,0,No,Unknown,Unknown,0,2.6399999999999997,30.504305043050433
TXN1342,49477,Bank Transfer,0,0,0,Yes,0,0,None,0,0,0,No,0,0,None,6.64,0,No,Unknown,Unknown,0,3.3600000000000003,11.667545246881039
TXN1343,48504,ACH,0,0,0,No,0,0,None,0,1,0,Yes,0,0,None,1.13,0,No,Unknown,Unknown,0,8.870000000000001,28.342997715691443
TXN1344,54145,ACH,0,0,0,No,0,1,None,0,0,0,No,0,0,None,7.21,0,No,Unknown,Unknown,0,2.79,21.454928835002637
TXN1345,97988,Wire Transfer,0,0,1,No,0,0,None,0,0,0,Yes,0,0,None,5.0,0,No,Unknown,Unknown,0,5.0,26.35740643120717
TXN1346,39890,Bank Transfer,0,0,0,Yes,0,0,None,0,0,0,Yes,0,0,None,8.94,1,No,Unknown,Unknown,0,1.0600000000000005,33.28061852047092
TXN1347,5700,Bank Transfer,0,0,0,Yes,0,0,None,0,0,0,Yes,0,0,None,9.2,0,No,Unknown,Unknown,0,0.8000000000000007,16.165875944473733
TXN1348,94760,Bank Transfer,0,0,0,No,1,1,Grey,1,0,0,Yes,0,0,None,0.55,0,No,Unknown,Unknown,1,9.45,62.46705324196099
TXN1349,93279,Check,0,0,0,Yes,1,0,Grey,0,0,0,Yes,0,0,None,8.21,0,No,Unknown,Unknown,0,1.7899999999999991,31.997891407485508
TXN1350,40864,Crypto,0,0,0,No,0,0,None,0,0,0,Yes,0,0,None,0.38,0,No,Unknown,Unknown,0,9.62,0.667720962923915
TXN1351,74643,Check,0,0,0,Yes,0,0,None,0,0,0,Yes,0,0,None,3.67,0,No,Unknown,Unknown,0,6.33,6.4487787735020214
TXN1352,45814,Crypto,0,0,0,Yes,0,1,None,0,0,0,No,0,1,None,5.42,0,No,Unknown,Unknown,0,4.58,27.09541381128097
TXN1353,56935,Bank Transfer,1,0,0,Yes,0,0,Grey,0,0,0,Yes,0,1,None,1.48,0,No,Unknown,Unknown,1,8.52,46.529608153224395
TXN1354,73844,Bank Transfer,1,0,0,No,0,0,None,0,0,0,No,0,0,None,7.46,0,No,Unknown,Unknown,1,2.54,48.25162537339659
TXN1355,56591,Check,0,0,0,Yes,0,0,None,0,0,1,Yes,0,1,None,0.08,0,No,Unknown,Unknown,0,9.92,26.49797926550694
TXN1356,18689,Check,0,0,0,Yes,0,0,None,0,0,0,Yes,1,0,None,1.69,0,Yes,Unknown,Unknown,0,8.31,20.54120541205412
TXN1357,43584,Crypto,0,0,0,No,0,0,None,1,0,1,Yes,0,0,None,5.81,0,No,Unknown,Unknown,1,4.19,62.92391495343526
TXN1358,83089,ACH,0,0,0,No,0,0,None,0,0,0,Yes,0,0,None,7.14,0,No,Unknown,Unknown,0,2.8600000000000003,12.546125461254611
TXN1359,36312,Crypto,0,0,0,No,0,0,Grey,0,0,0,No,0,0,None,9.17,0,No,Unknown,Unknown,0,0.8300000000000001,16.113161131611317
TXN1360,43625,Check,0,0,0,No,1,0,None,0,0,0,No,0,0,None,7.05,0,Yes,Unknown,Unknown,0,2.95,29.95958531013882
TXN1361,47302,Check,0,0,1,Yes,0,0,None,0,0,0,No,0,0,None,6.72,0,No,Unknown,Unknown,0,3.2800000000000002,29.379722368652256
TXN1362,32735,Wire Transfer,0,0,1,Yes,0,0,Grey,0,0,0,Yes,0,0,None,3.94,0,No,Unknown,Unknown,0,6.0600000000000005,24.494816376735198
TXN1363,63308,Check,0,0,0,Yes,0,0,Grey,0,0,1,Yes,0,0,None,0.01,0,No,Unknown,Unknown,0,9.99,17.589175891758916
TXN1364,33928,Wire Transfer,0,0,0,Yes,0,0,None,0,0,0,Yes,0,0,None,1.2,0,No,Unknown,Unknown,0,8.8,2.1085925144965736
TXN1365,18811,ACH,0,0,0,Yes,0,0,None,0,0,0,No,0,0,None,5.35,0,No,Unknown,Unknown,0,4.65,9.400808293797223
TXN1366,3520,Crypto,0,0,0,No,0,0,None,0,0,0,Yes,0,0,None,6.75,0,No,Unknown,Unknown,0,3.25,11.860832894043227
TXN1367,96852,Crypto,0,0,0,Yes,0,0,Grey,0,0,0,No,0,0,None,4.17,0,No,Unknown,Unknown,0,5.83,7.327358987875593
TXN1368,401,Wire Transfer,0,0,0,Yes,1,0,None,0,0,0,No,0,1,None,7.31,0,No,Unknown,Unknown,0,2.6900000000000004,39.202249165348796
TXN1369,45336,Crypto,0,0,0,Yes,0,0,Grey,0,0,0,Yes,0,0,None,5.22,1,No,Unknown,Unknown,0,4.78,26.743981725531548
TXN1370,66335,Check,0,0,0,No,0,0,None,0,0,1,Yes,1,0,None,0.74,0,No,Unknown,Unknown,0,9.26,36.44350729221578
TXN1371,54340,Bank Transfer,0,0,0,No,0,0,None,0,0,0,No,0,0,None,1.92,0,No,Unknown,Unknown,0,8.08,3.373748023194518
TXN1372,65826,Wire Transfer,0,0,0,Yes,0,0,None,1,0,0,No,0,0,Grey,8.4,0,Yes,Unknown,Unknown,1,1.5999999999999996,49.9033561764189
TXN1373,10592,Crypto,0,0,0,No,0,0,None,0,0,1,No,0,0,None,7.25,0,No,Unknown,Unknown,0,2.75,30.311017395888246
TXN1374,6202,Wire Transfer,0,0,0,No,0,0,None,0,0,0,Yes,0,0,None,8.95,0,No,Unknown,Unknown,0,1.0500000000000007,15.726585837286944
TXN1375,50436,Wire Transfer,0,0,0,No,0,0,None,0,0,0,Yes,0,0,None,1.18,0,No,Unknown,Unknown,0,8.82,2.0734493059216303
TXN1376,85414,Bank Transfer,0,0,0,No,0,0,None,0,0,0,Yes,0,0,None,9.9,0,No,Unknown,Unknown,0,0.09999999999999964,17.395888244596733
TXN1377,26741,Check,0,0,0,No,0,0,Black,0,0,1,Yes,0,0,Grey,2.09,1,No,Unknown,Unknown,0,7.91,38.81567387102442
TXN1378,34684,Wire Transfer,0,0,0,No,0,0,None,0,0,0,Yes,0,0,None,0.12,0,No,Unknown,Unknown,0,9.88,0.21085925144965736
TXN1379,32845,Crypto,0,0,0,No,0,0,None,0,0,0,Yes,0,0,None,9.97,0,No,Unknown,Unknown,0,0.02999999999999936,17.518889474609033
TXN1380,23193,ACH,0,0,0,Yes,0,0,None,0,0,0,No,0,0,Grey,2.81,0,No,Unknown,Unknown,0,7.1899999999999995,4.937620804779478
TXN1381,66205,Wire Transfer,0,0,0,Yes,0,0,None,0,0,0,No,0,0,None,6.68,0,No,Unknown,Unknown,0,3.3200000000000003,11.737831664030926
TXN1382,51985,Wire Transfer,0,0,0,No,0,0,None,0,0,0,No,0,0,None,1.77,0,No,Unknown,Unknown,0,8.23,3.110173958882446
TXN1383,36731,Bank Transfer,0,0,0,Yes,0,0,None,0,0,0,Yes,0,0,Black,5.8,0,No,Unknown,Unknown,0,4.2,10.19153048673344
TXN1384,73091,Check,0,0,0,Yes,0,0,Grey,0,0,0,No,0,0,None,9.04,1,No,Unknown,Unknown,0,0.9600000000000009,33.456334563345635
TXN1385,4114,ACH,0,0,0,No,0,0,None,0,0,0,Yes,0,0,None,3.2,0,No,Unknown,Unknown,0,6.8,5.6229133719908635
TXN1386,11193,Crypto,0,0,0,Yes,0,1,None,0,0,0,Yes,0,0,None,6.7,0,No,Unknown,Unknown,0,3.3,20.558777016341594
TXN1387,18170,ACH,0,0,0,No,0,0,None,0,0,0,No,0,0,None,1.88,0,No,Unknown,Unknown,0,8.120000000000001,3.303461606044632
TXN1388,35877,Crypto,0,0,0,No,1,0,None,0,0,0,Yes,0,0,None,6.25,0,No,Unknown,Unknown,0,3.75,28.5538569671411
TXN1389,57058,Check,0,0,0,No,1,0,None,0,0,0,No,0,0,Grey,3.36,0,No,Unknown,Unknown,0,6.640000000000001,23.475663328061852
TXN1390,82174,Crypto,0,0,0,Yes,0,0,Grey,0,0,0,No,0,0,None,2.11,0,No,Unknown,Unknown,0,7.890000000000001,3.7076085046564753
TXN1391,10829,Bank Transfer,0,0,0,Yes,0,0,Grey,0,0,0,Yes,0,0,None,3.13,0,No,Unknown,Unknown,0,6.87,5.499912141978562
TXN1392,99813,Bank Transfer,0,0,0,Yes,0,0,None,0,0,0,No,0,0,Grey,1.79,0,No,Unknown,Unknown,0,8.21,3.145317167457389
TXN1393,45117,Bank Transfer,0,0,0,Yes,0,0,None,0,0,0,No,0,0,None,9.02,0,No,Unknown,Unknown,0,0.9800000000000004,15.849587067299245
TXN1394,66420,Bank Transfer,0,0,0,No,0,0,None,0,0,0,No,0,1,None,3.97,0,No,Unknown,Unknown,0,6.029999999999999,15.76172904586189
TXN1395,27851,ACH,0,0,0,No,0,0,None,0,0,0,No,0,0,None,2.45,0,No,Unknown,Unknown,0,7.55,4.305043050430505
TXN1396,78169,Check,0,0,0,Yes,0,0,None,0,0,0,Yes,0,0,Grey,4.48,0,No,Unknown,Unknown,0,5.52,7.87207872078721
TXN1397,54848,Crypto,0,0,0,No,0,0,None,0,0,0,No,0,0,Grey,3.21,0,No,Unknown,Unknown,0,6.79,5.6404849762783345
TXN1398,5901,Crypto,0,0,0,No,0,0,None,0,0,0,No,0,0,None,7.44,0,No,Unknown,Unknown,0,2.5599999999999996,13.073273589878756
TXN1399,19290,Bank Transfer,0,0,1,Yes,0,0,None,0,0,0,No,0,0,None,9.71,0,Yes,Unknown,Unknown,0,0.28999999999999915,34.633632050606224
TXN1400,49789,Bank Transfer,0,0,0,No,0,0,None,0,0,0,Yes,0,0,None,4.38,0,No,Unknown,Unknown,0,5.62,7.696362677912494
TXN1401,51093,Wire Transfer,0,0,0,Yes,0,0,None,0,0,0,No,0,0,Grey,8.61,0,No,Unknown,Unknown,0,1.3900000000000006,15.129151291512915
TXN1402,29692,Check,0,0,0,No,0,0,None,0,0,0,Yes,0,0,None,5.66,0,No,Unknown,Unknown,0,4.34,9.94552802670884
TXN1403,10747,ACH,0,0,0,Yes,0,0,None,0,0,0,No,1,0,None,1.57,0,No,Unknown,Unknown,0,8.43,20.330346160604464
TXN1404,8816,Crypto,0,0,0,No,0,0,Grey,0,0,0,No,0,0,Grey,6.91,0,No,Unknown,Unknown,0,3.09,12.14197856264277
TXN1405,88991,Wire Transfer,0,0,0,No,0,0,None,0,0,0,No,0,0,None,5.13,0,Yes,Unknown,Unknown,0,4.87,9.014232999472853
TXN1406,87645,Wire Transfer,0,0,0,Yes,0,0,None,0,0,0,Yes,0,0,None,6.51,1,No,Unknown,Unknown,0,3.49,29.010718678615355
TXN1407,90012,Crypto,0,0,0,Yes,0,0,None,0,0,0,Yes,0,0,None,8.9,0,No,Unknown,Unknown,0,1.0999999999999996,15.638727815849588
TXN1408,70416,ACH,0,0,0,Yes,0,0,Grey,0,0,0,Yes,0,0,None,4.4,0,No,Unknown,Unknown,0,5.6,7.7315058864874375
TXN1409,2468,Wire Transfer,0,0,0,Yes,0,0,None,0,0,0,Yes,0,0,None,9.01,0,No,Unknown,Unknown,0,0.9900000000000002,15.832015463011773
TXN1410,77675,Wire Transfer,0,0,0,No,0,0,None,0,0,0,Yes,0,0,Grey,7.51,0,No,Unknown,Unknown,0,2.49,13.196274819891057
TXN1411,6755,Check,0,0,0,No,0,0,None,0,0,0,Yes,0,0,None,4.89,0,No,Unknown,Unknown,0,5.11,8.592514496573537
TXN1412,70131,ACH,0,0,1,Yes,0,0,None,0,0,0,No,0,0,None,6.03,0,No,Unknown,Unknown,0,3.9699999999999998,28.16728167281673
TXN1413,76529,Wire Transfer,0,0,0,No,0,1,Black,0,0,0,Yes,0,0,None,3.26,0,Yes,Unknown,Unknown,0,6.74,14.514145141451415
TXN1414,91183,ACH,0,0,0,Yes,0,0,None,0,0,1,No,0,0,None,9.84,0,No,Unknown,Unknown,0,0.16000000000000014,34.86206290634335
TXN1415,88022,Crypto,0,0,0,Yes,0,1,Grey,0,0,0,Yes,1,0,None,6.67,0,No,Unknown,Unknown,0,3.33,38.07766649095063
TXN1416,55866,Bank Transfer,0,0,0,No,0,0,Grey,0,0,0,Yes,0,0,None,0.44,1,No,Unknown,Unknown,0,9.56,18.344754876120188
TXN1417,13503,Wire Transfer,0,0,1,No,0,0,Grey,0,0,0,Yes,0,0,Grey,3.27,0,No,Unknown,Unknown,0,6.73,23.31751888947461
TXN1418,32197,Check,0,0,0,Yes,0,0,None,1,0,0,No,0,0,None,6.23,0,No,Unknown,Unknown,1,3.7699999999999996,46.09031804603761
TXN1419,78757,Crypto,0,0,0,Yes,0,1,None,0,0,0,Yes,0,0,None,0.56,0,No,Unknown,Unknown,0,9.44,9.769811983834126
TXN1420,11066,ACH,0,0,0,Yes,0,0,None,1,0,0,Yes,0,0,None,0.24,0,No,Unknown,Unknown,1,9.76,35.564927077842206
TXN1421,99257,Crypto,0,0,0,No,0,0,None,0,0,0,No,0,0,Grey,4.5,0,No,Unknown,Unknown,0,5.5,7.9072219293621515
TXN1422,93948,Wire Transfer,0,0,0,No,0,0,None,0,0,0,No,0,0,None,3.33,0,No,Unknown,Unknown,0,6.67,5.851344227727992
TXN1423,53021,ACH,0,0,0,No,0,0,None,0,0,0,No,0,0,None,4.38,0,No,Unknown,Unknown,0,5.62,7.696362677912494
TXN1424,49826,Bank Transfer,0,0,0,No,0,0,None,1,0,0,No,0,0,None,2.63,0,No,Unknown,Unknown,1,7.37,39.76454050254789
TXN1425,50400,Crypto,0,0,0,Yes,0,0,None,0,0,0,Yes,0,0,Grey,1.65,0,No,Unknown,Unknown,0,8.35,2.8993147074327887
TXN1426,22777,Wire Transfer,0,0,0,Yes,0,0,Grey,0,0,0,No,0,0,None,6.89,1,No,Unknown,Unknown,0,3.1100000000000003,29.678439641539274
TXN1427,55709,Check,0,0,0,Yes,0,0,None,0,0,1,Yes,0,0,None,5.15,0,No,Unknown,Unknown,0,4.85,26.62098049551924
TXN1428,96925,ACH,0,0,0,Yes,0,0,Grey,0,0,0,Yes,0,0,None,2.0,0,No,Unknown,Unknown,0,8.0,3.5143208574942895
TXN1429,56761,Crypto,0,0,0,Yes,0,0,None,0,0,0,No,0,0,None,3.2,0,No,Unknown,Unknown,0,6.8,5.6229133719908635
TXN1430,31124,Crypto,0,0,0,Yes,1,0,Grey,0,0,0,Yes,0,0,None,5.92,0,No,Unknown,Unknown,0,4.08,27.97399402565454
TXN1431,70413,Bank Transfer,0,0,0,No,0,1,None,0,1,0,No,0,0,None,0.72,0,No,Unknown,Unknown,0,9.28,36.40836408364084
TXN1432,53106,Bank Transfer,0,0,0,No,0,0,None,0,0,0,Yes,0,0,None,1.47,0,No,Unknown,Unknown,0,8.53,2.5830258302583027
TXN1433,95385,Check,0,0,0,Yes,1,0,Grey,0,0,0,No,0,0,Black,0.73,0,No,Unknown,Unknown,0,9.27,18.854331400456864
TXN1434,15438,Check,0,0,0,Yes,0,0,None,0,0,0,No,0,0,Grey,8.12,0,No,Unknown,Unknown,0,1.8800000000000008,14.268142681426813
TXN1435,68127,Wire Transfer,0,0,0,No,0,0,Grey,0,0,0,No,0,0,None,7.52,0,No,Unknown,Unknown,0,2.4800000000000004,13.213846424178527
TXN1436,92872,Wire Transfer,0,0,0,No,0,0,None,0,0,0,No,1,0,Grey,7.53,0,No,Unknown,Unknown,0,2.4699999999999998,30.80302231593745
TXN1437,80235,Check,0,0,0,No,0,0,None,0,0,0,No,0,0,None,7.16,0,No,Unknown,Unknown,0,2.84,12.581268669829557
TXN1438,19608,Check,0,0,0,No,0,0,None,0,0,0,No,0,0,None,6.69,0,No,Unknown,Unknown,0,3.3099999999999996,11.755403268318398
TXN1439,3151,ACH,0,0,0,Yes,0,0,None,0,0,0,Yes,0,0,None,4.77,0,No,Unknown,Unknown,0,5.23,8.38165524512388
TXN1440,48847,Bank Transfer,1,0,0,Yes,0,1,None,0,0,0,Yes,0,0,None,6.42,0,No,Unknown,Unknown,1,3.58,55.20998067123529
TXN1441,87242,Wire Transfer,0,0,0,Yes,0,0,None,0,0,0,Yes,0,0,None,0.38,0,No,Unknown,Unknown,0,9.62,0.667720962923915
TXN1442,87335,Bank Transfer,0,0,0,Yes,1,0,None,1,0,0,No,0,0,None,6.21,0,No,Unknown,Unknown,1,3.79,63.62677912493411
TXN1443,54121,Bank Transfer,0,0,0,Yes,0,1,None,0,0,0,Yes,0,0,None,7.78,0,Yes,Unknown,Unknown,0,2.2199999999999998,22.45651027938851
TXN1444,66512,Check,0,0,0,No,0,0,Black,0,0,1,No,0,0,None,5.0,0,No,Unknown,Unknown,0,5.0,26.35740643120717
TXN1445,58435,ACH,0,0,0,Yes,0,0,Black,0,0,1,Yes,0,0,None,3.58,0,No,Unknown,Unknown,0,6.42,23.862238622386226
TXN1446,56279,Crypto,0,0,0,No,0,0,None,0,0,0,Yes,0,0,None,2.77,0,No,Unknown,Unknown,0,7.23,4.867334387629592
TXN1447,32193,ACH,0,0,0,Yes,0,0,None,0,0,0,No,0,0,Grey,6.43,1,No,Unknown,Unknown,0,3.5700000000000003,28.870145844315587
TXN1448,69778,ACH,0,0,0,Yes,0,0,None,1,0,0,Yes,0,0,None,6.93,0,No,Unknown,Unknown,1,3.0700000000000003,47.3203303461606
TXN1449,80838,Bank Transfer,1,0,0,Yes,0,0,None,0,0,0,Yes,0,0,None,8.71,0,No,Unknown,Unknown,1,1.2899999999999991,50.44807590933053
TXN1450,39834,ACH,0,0,0,Yes,0,1,Grey,0,0,0,Yes,0,0,None,3.42,0,No,Unknown,Unknown,0,6.58,14.79529081005096
TXN1451,72715,Wire Transfer,0,0,0,Yes,0,0,Grey,0,0,0,No,0,0,None,7.7,0,No,Unknown,Unknown,0,2.3,13.530135301353013
TXN1452,73623,Bank Transfer,0,0,1,No,0,0,None,0,0,0,Yes,0,0,Grey,5.61,0,No,Unknown,Unknown,0,4.39,27.429274292742928
TXN1453,94576,Wire Transfer,0,0,0,No,0,0,None,0,0,0,No,0,0,None,8.83,0,No,Unknown,Unknown,0,1.17,15.515726585837289
TXN1454,17119,Crypto,0,0,0,No,0,1,None,0,0,0,Yes,0,1,None,5.28,0,No,Unknown,Unknown,0,4.72,26.849411351256375
TXN1455,83713,Bank Transfer,0,0,0,Yes,0,0,Black,0,0,0,Yes,0,0,None,5.18,0,Yes,Unknown,Unknown,0,4.82,9.10209102091021
TXN1456,91894,Crypto,0,0,0,Yes,0,0,None,0,0,0,Yes,0,0,None,5.78,0,No,Unknown,Unknown,0,4.22,10.1563872781585
TXN1457,86772,Bank Transfer,0,0,0,No,0,0,None,0,0,0,Yes,0,0,Black,7.49,0,No,Unknown,Unknown,0,2.51,13.161131611316115
TXN1458,73947,Check,0,0,0,Yes,0,0,None,0,0,0,No,0,0,None,9.65,0,No,Unknown,Unknown,0,0.34999999999999964,16.956598137409948
TXN1459,82850,ACH,0,0,0,Yes,0,0,None,0,0,0,Yes,0,0,None,0.74,1,No,Unknown,Unknown,0,9.26,18.871903004744333
TXN1460,79734,Check,0,0,0,No,0,0,None,0,0,0,No,0,0,None,0.53,1,No,Unknown,Unknown,0,9.47,18.502899314707435
TXN1461,28351,Crypto,0,0,0,Yes,0,0,Grey,0,0,0,No,0,0,None,9.38,1,Yes,Unknown,Unknown,0,0.6199999999999992,34.05376910911967
TXN1462,26045,ACH,0,0,0,No,0,0,None,0,0,1,Yes,0,0,None,5.3,0,No,Unknown,Unknown,0,4.7,26.884554559831315
TXN1463,90952,Bank Transfer,0,0,1,Yes,0,0,None,0,0,0,Yes,0,0,None,6.15,1,No,Unknown,Unknown,0,3.8499999999999996,45.94974521173783
TXN1464,32317,ACH,0,0,0,No,0,0,None,0,0,1,No,0,0,None,4.82,0,No,Unknown,Unknown,0,5.18,26.041117554032684
TXN1465,8408,Wire Transfer,0,0,0,Yes,0,0,None,0,0,0,No,1,0,None,0.94,0,No,Unknown,Unknown,0,9.06,19.223335090493762
TXN1466,6049,ACH,0,0,0,Yes,0,0,None,0,0,0,Yes,0,1,Grey,7.68,0,No,Unknown,Unknown,0,2.3200000000000003,22.280794236513795
TXN1467,52090,Wire Transfer,0,0,0,No,0,0,None,0,0,0,Yes,0,0,None,7.47,0,No,Unknown,Unknown,0,2.5300000000000002,13.12598840274117
TXN1468,1250,ACH,0,0,0,Yes,0,0,None,0,0,0,Yes,0,0,None,3.12,0,No,Unknown,Unknown,0,6.88,5.482340537691091
TXN1469,89580,Wire Transfer,0,0,0,Yes,0,0,None,0,0,1,Yes,0,0,None,3.06,0,No,Unknown,Unknown,0,6.9399999999999995,22.94851519943771
TXN1470,74840,Crypto,0,0,0,No,1,0,None,0,0,0,Yes,0,1,None,8.38,0,No,Unknown,Unknown,0,1.6199999999999992,41.082410824108244
TXN1471,66717,Check,0,0,0,Yes,0,0,None,0,0,0,No,0,0,None,0.72,0,No,Unknown,Unknown,0,9.28,1.265155508697944
TXN1472,94941,Bank Transfer,0,0,0,No,0,0,Grey,0,0,0,Yes,0,0,None,8.81,0,No,Unknown,Unknown,0,1.1899999999999995,15.480583377262347
TXN1473,16996,ACH,0,0,0,Yes,0,0,None,0,0,0,Yes,0,0,None,2.57,0,No,Unknown,Unknown,0,7.43,4.515902301880162
TXN1474,46275,Check,0,0,0,Yes,0,0,None,0,0,0,No,0,0,None,5.93,0,Yes,Unknown,Unknown,0,4.07,10.419961342470568
TXN1475,7905,Bank Transfer,1,0,0,Yes,0,0,None,0,0,1,Yes,0,0,Grey,9.36,0,No,Unknown,Unknown,1,0.6400000000000006,69.16183447548761
TXN1476,5337,Bank Transfer,0,0,0,Yes,0,0,None,0,0,0,Yes,0,0,None,6.78,0,No,Unknown,Unknown,0,3.2199999999999998,11.913547706905641
TXN1477,20156,Wire Transfer,0,0,0,No,0,0,None,0,0,0,No,0,0,None,4.14,0,No,Unknown,Unknown,0,5.86,7.2746441750131785
TXN1478,45643,Crypto,0,0,0,Yes,0,0,None,0,0,0,Yes,0,0,None,6.9,0,No,Unknown,Unknown,0,3.0999999999999996,12.1244069583553
TXN1479,56656,Crypto,0,0,0,No,0,0,None,0,0,0,No,0,0,Grey,3.44,0,No,Unknown,Unknown,0,6.5600000000000005,6.044631874890177
TXN1480,3443,Check,0,0,0,Yes,0,1,None,0,0,0,Yes,0,0,Grey,2.77,1,No,Unknown,Unknown,0,7.23,31.22474081883676
TXN1481,13600,Crypto,0,0,0,Yes,0,0,None,0,0,0,Yes,0,0,None,9.97,0,No,Unknown,Unknown,0,0.02999999999999936,17.518889474609033
TXN1482,53322,ACH,1,0,0,Yes,0,0,Grey,0,0,0,Yes,0,0,None,7.51,0,No,Unknown,Unknown,1,2.49,48.33948339483395
TXN1483,29475,Crypto,1,0,0,Yes,0,0,Black,0,0,0,No,0,0,None,6.45,0,No,Unknown,Unknown,1,3.55,46.476893340361976
TXN1484,9762,Check,0,0,1,No,0,0,None,0,0,0,No,0,0,None,3.55,0,No,Unknown,Unknown,0,6.45,23.80952380952381
TXN1485,17064,Crypto,0,0,0,No,0,0,None,0,0,0,No,0,0,Grey,0.49,0,No,Unknown,Unknown,0,9.51,0.8610086100861009
TXN1486,59738,ACH,0,0,0,No,0,0,Grey,0,0,0,No,0,0,None,0.31,0,No,Unknown,Unknown,0,9.69,0.5447197329116148
TXN1487,73766,Wire Transfer,0,0,0,No,0,0,Grey,0,0,0,Yes,0,0,None,5.54,0,No,Unknown,Unknown,0,4.46,9.734668775259184
TXN1488,85167,Check,0,0,0,Yes,0,0,None,0,0,0,No,0,0,None,7.62,1,No,Unknown,Unknown,0,2.38,30.961166754524694
TXN1489,67315,Wire Transfer,0,0,0,No,0,0,None,0,0,0,No,0,0,None,5.37,0,Yes,Unknown,Unknown,0,4.63,9.435951502372166
TXN1490,69142,Wire Transfer,0,0,0,No,0,0,None,0,0,0,No,0,0,None,8.41,0,No,Unknown,Unknown,0,1.5899999999999999,14.777719205763487
TXN1491,13384,Wire Transfer,0,0,0,Yes,0,0,None,0,0,0,Yes,0,0,None,0.33,0,No,Unknown,Unknown,0,9.67,0.5798629414865578
TXN1492,72889,Bank Transfer,0,0,0,Yes,0,0,None,0,0,0,Yes,0,0,None,3.67,0,No,Unknown,Unknown,0,6.33,6.4487787735020214
TXN1493,84764,Bank Transfer,0,0,1,Yes,0,0,None,0,0,1,No,0,0,None,2.37,1,No,Unknown,Unknown,0,7.63,56.87928307854507
TXN1494,93568,Wire Transfer,0,0,0,Yes,0,0,None,0,0,0,No,0,0,None,4.47,0,No,Unknown,Unknown,0,5.53,7.854507116499737
TXN1495,61489,Check,0,0,0,No,0,0,None,0,0,0,Yes,0,0,None,0.72,0,No,Unknown,Unknown,0,9.28,1.265155508697944
TXN1496,9535,ACH,0,0,0,No,0,0,None,0,0,0,No,0,0,None,9.54,0,No,Unknown,Unknown,0,0.46000000000000085,16.76331049024776
TXN1497,54440,ACH,0,0,0,Yes,0,0,None,0,0,0,No,0,0,None,2.23,0,No,Unknown,Unknown,0,7.77,3.9184677561061325
TXN1498,44178,Crypto,0,0,0,Yes,0,0,None,0,0,0,No,0,0,None,9.22,0,No,Unknown,Unknown,0,0.7799999999999994,16.201019153048676
TXN1499,78932,Check,0,0,0,Yes,0,0,None,0,0,0,No,0,0,Grey,4.26,0,No,Unknown,Unknown,0,5.74,7.485503426462836
